NO2,O3,PM25,SJ,SO2,AQI,PM10,ID,CO
14,88,30,2022-12-30,6,44,38,"8292fc6fdd2449e48910d012551e48b3",0.8
17,104,53,2022-12-29,9,73,70,"cad96f28998949758a318913674b4362",0.8
20,112,30,2022-12-28,8,60,51,"4262baabf2aa4d3988e94f1a4cae241d",0.6
20,118,22,2022-12-27,7,65,41,"aafe70e7b55949b2a453d9110b354ad2",0.6
20,118,20,2022-12-26,7,65,39,"32bef7959ab0473aa2ace784558b9138",0.6
16,110,17,2022-12-25,7,59,32,"af812fe176d1454b9ea22f684b1010a6",0.6
16,87,13,2022-12-24,6,44,30,"a421019904c7450d885b0b3e7023bb34",0.5
14,95,18,2022-12-23,7,48,40,"113e808deba44522a75cb7ebb1a4f0fa",0.4
12,84,16,2022-12-22,7,42,34,"481734cc4ae349879e9b4b8ee6c7c18d",0.5
20,90,18,2022-12-21,8,45,33,"a0d7134c537143c4852c3eab2ba946ad",0.4
25,86,14,2022-12-20,6,43,32,"70cb968b28464f1bb04837acd56d90ee",0.4
14,78,10,2022-12-19,6,39,27,"e0128a54a10f4cd58e80ab9ff44c4114",0.5
8,72,7,2022-12-18,6,36,21,"aeab06b3709e457d8c3e955aa04bbd7b",0.5
12,76,22,2022-12-17,6,38,34,"765e2b9d048249d994f44c87121435a7",0.6
18,48,4,2022-12-16,5,24,7,"572ee25a132f4f1d97d46ef5d0823755",0.6
24,34,7,2022-12-15,5,30,12,"ff408b8e983b4773bb207cb09ed0b7cd",0.7
14,60,4,2022-12-14,5,30,8,"668871ebe2b14d438582085b75a2bdc7",0.7
16,64,28,2022-12-13,6,40,40,"3f6f857241e546acb1f0d4cef83377be",0.7
16,63,28,2022-12-12,6,40,39,"9d32950e58f048bda0058bac5981cd13",1.0
13,68,28,2022-12-11,8,43,43,"139ae33fdf5b4f4d9f6f36b79d2a93d7",0.7
12,82,17,2022-12-10,6,41,30,"cb9652903ecf4e18a0f709b08ec1066f",0.6
16,73,21,2022-12-09,6,37,33,"8537ec69a11e4323b9cacfb292e303c5",0.5
34,73,20,2022-12-08,6,43,35,"20a563006e28498db06c3bb813385abd",0.6
18,59,12,2022-12-07,5,30,22,"ee70a0b918194ea0bd9082bd88572de8",0.6
18,38,11,2022-12-06,6,23,22,"b197992a9ce444ffab6e63e937887f53",0.6
17,36,6,2022-12-05,6,22,16,"7fb4b2d4c9334dacbb22b3803ed1d8ce",0.6
18,44,9,2022-12-04,6,23,19,"dd6064075b2a49c1a48a778baddcaa0b",0.6
24,36,11,2022-12-03,6,30,24,"df9d39d469ba4741acf1776980c566e0",0.5
18,30,5,2022-12-02,6,23,14,"ae9cdc00076a42659757c3cd37613f97",0.5
14,25,4,2022-12-01,5,18,12,"b90860f8406641d7ba0e7db1e497a059",0.4
16,22,8,2022-11-30,5,20,20,"67bd4042e15f42d89a16286248a0181f",0.8
17,52,4,2022-11-29,6,26,14,"0f9986268e2a426bac4eee5741ae1ad1",0.6
30,64,15,2022-11-28,6,38,31,"8c0bdddc3f944cf6af3ca4a88302b260",0.5
18,97,18,2022-11-27,6,49,34,"e4c9cc583fbd4cbdab3a9cf6e2507cd9",0.6
23,42,6,2022-11-26,6,29,14,"483fbfb31332459d82208317704685f7",0.6
22,52,7,2022-11-25,5,28,14,"4360673048bb41a28f24ba95a7633e9f",0.6
32,55,9,2022-11-24,6,40,15,"a55501ca42bd4c1aa08cc6108bcfbd92",0.8
27,46,8,2022-11-23,6,34,12,"d4feecc34b5a4b939c2de6255900b8ab",0.8
22,63,16,2022-11-22,6,32,24,"4bf2b64d8240422a9fb46c15386b53ff",0.6
28,88,18,2022-11-21,7,44,32,"47bb0928b3664a7ab26db48a72d646ab",0.8
21,128,22,2022-11-20,6,74,35,"ca8d4f5ccb964e65b1b76e245e5f875b",0.8
22,122,16,2022-11-19,8,69,30,"54d87f67760e427d8c92179f536bd558",0.7
21,108,16,2022-11-18,8,57,26,"5d72d7941256430b8cc7c3519ad1a641",0.7
28,82,16,2022-11-17,8,41,29,"bcac6b2b0b8a4179b44a9e1ffc061e2c",0.8
17,106,18,2022-11-16,7,55,30,"487342d486a14992b083d589bd54a163",0.7
25,108,19,2022-11-15,8,57,36,"15ff25502a48416882805f2d1a944e6e",0.7
16,122,19,2022-11-14,8,69,28,"8a51c2fb55664c49abc49a12fbe14256",0.6
31,136,28,2022-11-13,8,80,43,"5f8b29f6eb554e00bd5aed73760713b9",0.7
20,90,13,2022-11-12,7,45,22,"1180242184554a0884795581637fab8c",0.6
24,82,13,2022-11-11,8,41,23,"2a47cf40f0964acb8a087ae30672207d",0.6
30,88,15,2022-11-10,8,44,29,"2175e61bcbab424ea6c75d4982bc7095",0.6
20,94,13,2022-11-09,8,47,24,"bdb121117509408db1667834fac561a0",0.6
20,46,10,2022-11-08,6,25,16,"7643f7e94f314bd18b5bf58f5d69f846",0.6
16,41,7,2022-11-07,6,21,12,"08507456c3ee4e05b6d8a31a0e446abb",0.6
16,43,12,2022-11-06,6,22,22,"6046690221074994a3fcaa05a1e6ef6e",0.6
12,53,7,2022-11-05,6,27,13,"9881d7a8cae94e10b146464e2c5c0bf9",0.6
28,44,18,2022-11-04,6,35,26,"502c9d36121940618eda150d35ebf41d",0.6
13,88,5,2022-11-03,6,44,11,"326b480b493447a299862fecd351c7c8",0.6
6,70,4,2022-11-02,6,35,7,"61771b6244744b0a9277634a2d17162f",0.4
9,100,16,2022-11-01,8,50,35,"c5237034b1254a8a9010ee1c186d31fc",0.5
10,114,19,2022-10-31,10,62,47,"263ea73b8ef247cd9db41c23c48edd2a",0.6
11,102,19,2022-10-30,8,52,33,"336769844f9f4dd3ab4a2e8151ddda9e",0.5
14,120,24,2022-10-29,8,67,39,"cafa4abc20f74be580d1ee8fcc036dbf",0.6
18,152,20,2022-10-28,8,94,42,"75cf40d7366c484aaeca66059c9d77ef",0.6
14,110,11,2022-10-27,8,59,29,"672654fbabb8489aabb1b36806de7af9",0.4
16,116,12,2022-10-26,8,64,36,"2217e59c557d4d4da2988144d61b251d",0.4
16,114,14,2022-10-25,8,62,42,"ae23f6afd2004eec9a47b8c852105725",0.4
18,140,24,2022-10-24,8,84,49,"3e932e963dfd43059eee28bdcac1a106",0.5
20,134,23,2022-10-23,8,79,40,"c4d9c359df834a0dbe26b89a8292acef",0.6
24,130,18,2022-10-22,8,75,32,"a47193c1c30f43e994c761e145d16a91",0.5
17,139,14,2022-10-21,8,83,36,"7a982f8d07f1473fb863a945d3e17872",0.5
18,110,14,2022-10-20,8,59,39,"77b4dfb8cc5c4bf9978f8ad3c309849d",0.4
16,121,16,2022-10-19,10,68,34,"7230a0c44d1b4a5ba87974d6d78373cb",0.6
10,121,29,2022-10-18,8,68,50,"694a7c95f394492fb0fec096eef7b98c",0.6
10,120,22,2022-10-17,10,67,50,"6809c43346fc4698a5a3d8bae066357a",0.6
12,140,23,2022-10-16,10,84,46,"2c9c6bfe3aa0480684d6a5ff703cd980",0.6
14,162,22,2022-10-15,9,102,43,"bd7f40162a1a42799ce381f70e00851b",0.6
13,154,19,2022-10-14,8,95,40,"1b9a20e510374957977688f99731b328",0.6
13,144,15,2022-10-13,8,87,34,"cfce9b5982f4458f9b4e8379d8b96ee2",0.5
16,137,16,2022-10-12,8,81,36,"66c241f5542d4563a7a159ee65769c43",0.5
12,137,17,2022-10-11,9,81,43,"f5bcda1693d74acbbc08e151917cde06",0.4
10,108,12,2022-10-10,8,57,33,"d373c7c52cdb4aa48265f7b5b0cfec46",0.4
13,124,22,2022-10-09,8,70,37,"6e3740c5c0894ad0a0642754a256f911",0.6
10,120,15,2022-10-08,6,67,26,"38a2963eaa9943bc853ba9298d518a37",0.6
10,114,16,2022-10-07,7,62,27,"878e9b68a4b945408e547409a64dfcc9",0.5
12,107,10,2022-10-06,7,56,23,"41bfbc384d694920a59ec3f22bf1161b",0.5
12,91,18,2022-10-05,6,46,30,"cc4c04530da34e8c9b7dd489ffc955df",0.5
12,98,14,2022-10-04,6,49,24,"62212178c9a846f59d62c95e8ee76ccc",0.5
11,55,8,2022-10-03,6,28,18,"a129cd2e8e834bf78aeab838ab58a2c3",0.5
14,55,10,2022-10-02,6,28,20,"9bb072d62c054106a9e6cdce3a889dd1",0.8
26,47,10,2022-10-01,5,33,19,"fe93475b168540fc9118e92ebd59aed4",0.6
18,34,6,2022-09-30,6,23,14,"275eda23d88b4b1b8dc6bb76a435befe",0.5
19,72,13,2022-09-29,6,36,26,"186eb7173d294edfb821561e4a711400",0.6
18,88,11,2022-09-28,5,44,25,"8a4d9c7ca8284ca8a89aafcdbb10c5fd",0.6
18,86,13,2022-09-27,6,43,29,"1b7bc4a278c940efa0ee06ee5fabf9cd",0.7
16,158,18,2022-09-26,6,99,37,"bcf5c2d29cff42d1b06ecb1ca3d1a575",0.8
14,166,26,2022-09-25,6,106,51,"81591c8a09314da1adcd2a273c53988c",0.8
9,155,22,2022-09-24,7,96,37,"08cef7f644394475a06ca6fc906bdff2",0.8
34,150,23,2022-09-23,6,92,39,"d08bbb7322cc49f19d1c59ffda24f642",0.8
10,124,16,2022-09-22,6,70,34,"706f313a6f9240f1b9a20aea49927527",0.6
11,146,18,2022-09-21,6,89,39,"feaee422976045778e3460bd837643c5",0.6
15,150,30,2022-09-20,4,92,43,"0e08a5118ed9467099d4821f2b786ff6",0.9
20,171,26,2022-09-19,5,110,38,"f58bd45d3e8d44ba9cbdfeb941a593fc",0.9
28,148,40,2022-09-18,6,90,53,"b9ac76220c564c1babaf3f004e82fadf",1.0
32,193,47,2022-09-17,6,130,62,"22979be10fdb4991abe8681bc9421596",1.0
35,252,45,2022-09-16,6,187,66,"42301790ea694f9083c0e269db727665",1.0
24,186,28,2022-09-15,7,124,47,"312c055c54cd40c6a9c32472d398f89d",0.7
16,198,29,2022-09-14,7,135,50,"1806d7cefb0c41ea9f07a2586097a72a",0.8
22,186,30,2022-09-13,6,124,50,"e15830a8261a44c29e8d1a76b4d6e7af",0.8
20,188,33,2022-09-12,6,126,49,"ea19e8b897844c868a98f715cd24937e",0.8
20,171,37,2022-09-11,6,110,50,"5a35dca377a84b87877dada7612c0d83",1.0
16,150,33,2022-09-10,5,92,49,"c48ec5ca9a484362b6967f2993dfcb7d",0.8
22,176,23,2022-09-09,6,115,44,"91ad8ee3aafd4d96b861b832c2e84217",0.6
17,130,16,2022-09-08,6,75,28,"1e86008f959d492c8e44d8a33dc62ff6",0.7
16,116,18,2022-09-07,6,64,30,"d49abec96bee4ec18cb04a21179ec0a0",0.7
16,189,30,2022-09-06,8,127,45,"b6715dde63a84ab3b2227c5123c3fc41",0.7
15,173,21,2022-09-05,6,112,38,"050e69ccdc324abd860518e1d3621a7d",0.6
12,128,13,2022-09-04,6,74,26,"f861bc2a48a84a4a8fc00b8ee76d2820",0.6
11,156,24,2022-09-03,6,97,40,"31e73ffc8e25428a8c8c6e9b0ab5adae",0.6
11,102,13,2022-09-02,5,52,22,"2a5ae8f702d04663a343e50735b7850f",0.7
18,111,22,2022-09-01,6,60,32,"5c9764e047ce4c2686cd658f32447b60",0.6
37,172,26,2022-08-31,6,111,39,"d3ef3ce1926e4a2b95bb12e7d96b50e4",0.6
19,108,15,2022-08-30,5,57,25,"5d978097df6147d6948263584e8684c1",0.6
14,81,12,2022-08-29,5,41,21,"2cf173995a0e4cf69d72312731d409a8",0.6
26,144,22,2022-08-28,5,87,36,"d8254d62b6ec4b6880d3271d5301cd6e",0.6
28,109,16,2022-08-27,5,58,31,"56f4bd336c504770a66ff2a9c9fb79db",0.6
9,45,6,2022-08-26,4,23,20,"de600ff1c749413e80c4ff5a1cfaed01",0.4
4,64,5,2022-08-25,4,32,19,"7b4514a64856464e9038ec3d484363b2",0.4
14,104,14,2022-08-24,5,54,26,"9ba8d6fb18044e4c9ef010dd993ecd58",0.6
23,208,22,2022-08-23,5,144,39,"029c6070f97a42749b6f40d3ddd33c51",0.6
22,86,10,2022-08-22,5,43,23,"439a88d8a6a74b55ad4a75926b635317",0.6
4,51,5,2022-08-21,4,26,15,"1f272a4e15c047d285905ab30cf210e7",0.4
6,54,4,2022-08-20,4,27,12,"94e0cbe658a34a62ba0b049b43e23233",0.6
10,54,4,2022-08-19,5,27,11,"232c22975a214b7386bdc0e85fa90309",0.6
14,45,4,2022-08-18,5,23,11,"fd93ef8fe7614cc1983825369709d4e6",0.6
12,43,2,2022-08-17,5,22,9,"9ee233cf4f0a4bbabc0c71e8e8bb4a1c",0.5
11,60,6,2022-08-16,5,30,13,"3bac55acda92425aa201765f50bf478e",0.4
16,68,7,2022-08-15,6,34,15,"679f9c961e7c44d0abb338e9840408f0",0.5
22,72,10,2022-08-14,6,36,20,"5b455979fe804b87bc61bf6c3a0d46e7",0.6
16,72,6,2022-08-13,5,36,16,"2275a202de134109ba91e53d0d59dd33",0.6
19,30,3,2022-08-12,5,24,11,"074b3a6a79e44ca8b2eab4e7128a0d57",0.6
10,42,4,2022-08-11,5,21,13,"98c5e9161dae40ed8ef43239bda91c22",0.6
4,49,5,2022-08-10,4,25,18,"7ec89be8864744c98f74d2715b4545ac",0.6
12,38,2,2022-08-09,5,19,12,"b2c230287b524aadb72e5c0da31289d7",0.5
14,40,6,2022-08-08,6,20,16,"c323cd87d76649bfb1cde47fe7fac2b9",0.6
13,39,5,2022-08-07,6,20,15,"266786255c7f48e3bb74d11709c5f187",0.3
14,43,4,2022-08-06,5,22,14,"7276055e9ea44f8984d2ee2894008e5b",0.4
16,64,3,2022-08-05,4,32,8,"bb0f454a1a42489bb1c267e1f301ed10",0.5
17,65,5,2022-08-04,4,33,9,"39a95a43fe5f45c2916224a48208394a",0.6
33,103,12,2022-08-03,5,53,22,"1bc12b5ad6534332a1a6b20a4e7c7f16",0.6
23,94,7,2022-08-02,5,47,12,"""ERROR:#NUM!""",0.4
26,101,11,2022-08-01,6,51,18,"be8ed5a0b13e482d96db337f472a050a",0.4
37,235,38,2022-07-31,5,170,53,"8aa7dea0b2f04e21aa985b6f0b97a217",0.7
38,74,24,2022-07-30,5,48,35,"97bc5d602ad24b6d8fd693212f99d235",0.6
40,166,24,2022-07-29,6,106,36,"c593e21c47384eb5af6532a73f68197e",0.6
26,172,19,2022-07-28,6,111,30,"4739a1162e82449b8b56ddb194eaf411",0.5
23,108,10,2022-07-27,5,57,14,"4446f8fa711f4adf8822bba4ea3cbfe4",0.4
16,92,12,2022-07-26,5,46,16,"170c7debe5f644f1ac47b824a7eec751",0.5
28,166,25,2022-07-25,6,106,36,"58c3b6f076da45fb9801c143acbc0860",0.5
28,164,18,2022-07-24,6,104,28,"7516725bc6aa494d86eb193a1c7753fb",0.5
28,121,14,2022-07-23,4,68,22,"1f27e48de0c7411a93a554c1564b838f",0.7
24,123,12,2022-07-22,6,70,22,"0d07cbbd4bca48d1bb75c0bd8894f231",0.5
10,51,6,2022-07-21,5,26,12,"d4d669f8c42b4a7dacd3854a02083a66",0.4
8,42,6,2022-07-20,4,21,14,"58d3086626434c2ca43ce66ba9dd303d",0.4
10,58,8,2022-07-19,4,29,18,"0ee9fee422714fdfa18d2698b7c22ed7",0.5
13,58,10,2022-07-18,4,29,21,"ac49867e842b4bcaaafb229266383348",0.5
12,58,9,2022-07-17,4,29,20,"7dda9d953ce64a8d9a0236bca6366798",0.4
16,60,8,2022-07-16,4,30,18,"97bf8dbcc8004c0993a434ce46b0fa2c",0.4
18,64,6,2022-07-15,4,32,15,"27483d1f6dfa4b68ab6da4b13038873d",0.4
16,70,5,2022-07-14,4,35,13,"004b77ed2cd543a088d66c83f23b836e",0.4
9,58,4,2022-07-13,4,29,10,"132d4efefe10406da83e244f02dfc542",0.4
10,62,4,2022-07-12,4,31,9,"ef55472744d64cc58f16a24673689ab3",0.4
11,68,8,2022-07-11,4,34,15,"fef0dd0eb44444809698c8d130c9c74d",0.4
8,54,4,2022-07-10,4,27,12,"ba02e8ea741d4bb7bc021fe4896eb3cf",0.4
10,--,4,2022-07-09,4,--,12,"3483fb21743d4490802b9216a28184c5",0.6
10,50,5,2022-07-08,2,25,10,"0285cfc28cb94a1abecc478284ccac52",0.6
14,49,8,2022-07-07,4,25,19,"f455eb5ea57a4f1a8c3553602231c538",0.6
21,50,9,2022-07-06,4,27,20,"dbd9bd0d23b64682aa6ff7ee361854e7",0.6
16,36,8,2022-07-05,4,20,19,"06b7f1b4f97643e48e832379f4ae6eb8",0.6
9,48,12,2022-07-04,4,24,24,"6558180566c147e99ae2dcf6593e15ff",0.6
3,54,10,2022-07-03,4,27,23,"4f3c0812aba542d28452bfe890203c47",0.5
2,65,5,2022-07-02,4,33,21,"04be716ad6c346fdb6bd9236a4577d16",0.5
10,50,3,2022-07-01,4,25,10,"54cf01bbc6b74bcea9933798d54e8ed4",0.4
13,33,3,2022-06-30,4,17,12,"cf6752cccca14569a21f4876bc8cd593",0.4
14,43,4,2022-06-29,4,22,12,"1341891248dc4ba3ad9cd6486e7482bb",0.4
8,58,4,2022-06-28,5,29,9,"b276185b3d054f378d3dc0e30fc6ba34",0.4
10,50,4,2022-06-27,4,25,10,"e3aff0611c7241c78edd95b3ffd3a702",0.4
12,57,4,2022-06-26,4,29,10,"b53e644a56d5423a89ceb7b0478862ff",0.5
20,60,6,2022-06-25,4,30,14,"f29203f3b2624d1f82e1011b6954a086",0.4
18,70,7,2022-06-24,4,35,16,"cb00e844e56e4469af49d078f3315cc9",0.5
14,66,6,2022-06-23,4,33,15,"55673ebbe5a34b2880d31ca34b6f3bb3",0.5
11,49,5,2022-06-22,4,25,16,"da4e8b70efa6451eb64f37aabe6c9a1f",0.5
8,42,8,2022-06-21,4,21,19,"d7b5d729186e4023baa836d765323af7",0.5
10,41,9,2022-06-20,4,21,20,"f40da65a88e041ca9541d7cf51f7b67b",0.6
10,39,8,2022-06-19,4,20,20,"eac4a14a920342929bf9e1e94271d837",0.6
12,32,8,2022-06-18,4,18,18,"d6a86372a75a4fa4a011e8afe4b3776b",0.6
14,38,7,2022-06-17,4,19,17,"f3a32be6b4fb456b80d292b6fc6afffc",0.6
24,34,6,2022-06-16,4,30,16,"84b85a80d0d6487696045bd5de8c5505",0.5
24,51,7,2022-06-15,4,30,18,"5ef0307bc1c5407f80dcde13720d7745",0.6
25,31,10,2022-06-14,4,32,22,"2dfb58c0c4b54e498ba89cc7b622aa3e",0.6
14,55,10,2022-06-13,4,28,21,"d1dbe77ecec74f0caee01b38a3ad3430",0.6
22,51,11,2022-06-12,4,28,22,"0d0abe24fe484c6294448b5cf182efba",0.6
26,39,6,2022-06-11,4,33,16,"a8e5290cc2264284a245f29e26ba8c1d",0.6
24,42,6,2022-06-10,4,30,15,"d333db8ea47e489b958f630254b3ae55",0.6
24,46,5,2022-06-09,4,30,13,"14b52085a6174e538a35f1817c25cf5a",0.6
24,36,4,2022-06-08,4,30,12,"f52645cff4e2476c84fd79902df8bb1e",0.6
11,48,7,2022-06-07,4,24,16,"f58a97888b184405a3603c580c54bd8e",0.6
22,48,8,2022-06-06,4,28,21,"a7cb39b0b7004cdb8aa245a50fea1bb9",0.6
10,66,8,2022-06-05,4,33,21,"cb1574aa273f4082a31bb4342f71163a",0.5
12,58,10,2022-06-04,4,29,24,"80f9c867e4bd44e3b13f014d5af2503e",0.5
14,34,10,2022-06-03,4,24,24,"36b4f9d9fb4c4b1d9ecd81ffff5391fb",0.5
16,42,8,2022-06-02,4,22,22,"22144f849cc142aca2ae412f8b893466",0.5
14,46,11,2022-06-01,4,26,26,"2b84e13a854a4dd8b33a0451922327ab",0.5
14,49,8,2022-05-31,4,25,20,"7ebe84893b99492b97812cdc88a2f2d0",0.4
14,60,6,2022-05-30,4,30,17,"5d40d5a0bf674f0f98d070b213ac8130",0.4
14,58,8,2022-05-29,4,29,20,"e3bb83224d8744b381f40f5359fa05f5",0.4
17,56,9,2022-05-28,4,28,22,"cf6bbcee7a76440a873453d9a378cf71",0.4
27,32,9,2022-05-27,4,34,21,"5e98f606c7ad4af182ab212b193203fa",0.4
13,76,7,2022-05-26,4,38,15,"edbf50d831df4093a70ae445982fed1f",0.4
14,83,6,2022-05-25,4,42,12,"d1342f269e3b4e80826c02bb3baaaa70",0.5
26,66,7,2022-05-24,5,33,14,"9b46b72f184a4d96b2554da3c4a9cd89",0.6
20,82,11,2022-05-23,4,41,20,"eb654604c9f640388d9f4bdae060ca29",0.6
18,113,17,2022-05-22,4,61,30,"8d69dc89d7594e17a5987ee6e97a2e90",0.6
18,110,21,2022-05-21,5,59,32,"ec66501f6d9e4cdd8ee3c7c5641b860d",0.6
18,96,19,2022-05-20,4,48,33,"8e1d5520cf044f7699ffe1c1d21bf533",0.6
22,145,16,2022-05-19,6,88,31,"afde9f14417647bb9e673a438d06b21e",0.6
16,154,12,2022-05-18,5,95,26,"a8370b575b784c34abc399364de6dee2",0.4
12,126,9,2022-05-17,4,72,19,"3b042aa60b864df2b88b493c6419d1b8",0.6
9,74,4,2022-05-16,2,37,7,"282118dcb70749b79bfc631b53db7289",0.6
22,77,3,2022-05-15,2,39,6,"d4c385a17a3248cbb212771707d8b066",0.6
26,66,4,2022-05-14,3,33,10,"eec0c42a631148d499167c6a4fbdf429",0.6
27,31,6,2022-05-13,3,34,9,"5891f74c280a434396fecc32cffa90ff",0.6
22,30,4,2022-05-12,4,28,8,"6f4d6beadf024fb3aa179b2a6b20bb39",0.6
18,42,4,2022-05-11,4,23,8,"376da669ba2245458ba8a72ba9dfeda3",0.5
15,67,11,2022-05-10,4,34,20,"638716f9f4ef440ba3ec851aa9e13fe1",0.5
17,120,20,2022-05-09,4,67,32,"baa085ede0e0443eb6653735a9b09050",0.6
17,140,17,2022-05-08,5,84,28,"624b1801567f451299f7ff6b39535a71",0.5
21,123,16,2022-05-07,4,70,28,"489e451735d34340b65fe71445e7e16b",0.6
13,124,14,2022-05-06,4,70,26,"0a1a050c2cfa4662819422c4b3aceb34",0.5
14,136,15,2022-05-05,4,80,30,"b0aa64f1f6e8405c9c78abc288738177",0.6
14,140,12,2022-05-04,4,84,28,"417a1c760b2d4a8fbf1a81689bded355",0.4
13,122,16,2022-05-03,4,69,25,"cfa03bf154574e1089dcb4d3385a315d",0.4
7,68,5,2022-05-02,3,34,7,"e72446c9ee3c4e59be147edc92b2d952",0.5
10,71,4,2022-05-01,3,36,8,"bdee63e7eb80495eaa322ff8afe8b5e8",0.6
17,90,10,2022-04-30,4,45,20,"ef4f411cdd8b4d398112e078dffb751f",0.4
21,63,17,2022-04-29,4,32,26,"3c9662fbfe6e4f12b9f6ccec8a0c632b",0.5
20,54,16,2022-04-28,4,27,24,"bae5cfe1e46942719c7d6ef4b5953339",0.4
24,48,16,2022-04-27,5,30,23,"1f0ced488b544af985d384f9afe3bd3f",0.4
20,50,14,2022-04-26,4,25,21,"8a24de43f2f44ac7b1f6fadf7ab913d6",0.5
16,54,11,2022-04-25,4,27,18,"451f66c105944bc8bffbb99c84ffd72e",0.5
26,55,12,2022-04-24,5,33,18,"578783e56c0847e7a9bc261411a27dc7",0.6
26,62,16,2022-04-23,4,33,24,"a2d6a64bd0fe49ef9c8f18fd807ba269",0.6
21,82,14,2022-04-22,4,41,24,"6168b739a9f54990ae6a6eee26de6993",0.6
26,128,29,2022-04-21,4,74,40,"2e3df1e131984204a63549817f45e4b5",0.7
26,94,14,2022-04-20,4,47,25,"81dd93981f6e4e33b94d81524488367e",0.7
17,40,5,2022-04-19,3,22,10,"a14917061f6d4bd589218d0dcdd35853",0.7
22,112,21,2022-04-18,4,60,37,"23969e679d134afb87dc527c29f13538",0.8
17,136,26,2022-04-17,4,80,54,"b4692529835146369843c334877f13db",0.6
16,108,14,2022-04-16,4,57,40,"4e1ddb7440b549778cf0afb90ea62edf",0.6
16,118,12,2022-04-15,4,65,29,"bc02c48688234f07b1cbf2d0290b19ce",0.6
20,164,16,2022-04-14,4,104,27,"aee2be87356540c7a8862cd739367fe5",0.7
26,40,13,2022-04-13,4,33,26,"d94adcdcfcaf4023ad030223ad8a4ce4",0.6
21,55,11,2022-04-12,5,28,22,"484273b5b551493d811ad6ea92ca59b0",0.6
27,61,16,2022-04-11,4,34,27,"bf5b516d87ad48c3a5e5e799f7c96950",0.6
17,133,19,2022-04-10,4,78,37,"69db7b710c9148d8b58b016d1461677a",0.6
20,120,13,2022-04-09,4,67,32,"218a6583a9ed43d78e451ecfe51745a9",0.6
21,163,19,2022-04-08,5,103,40,"ff71d103399c4519baf41095c76c1a67",0.6
24,125,16,2022-04-07,4,71,32,"519a2099b00e4e8e95ca9573ddcf653d",0.6
30,144,18,2022-04-06,4,87,38,"7a00c10c01c2479184f51c928add110b",0.6
32,149,20,2022-04-05,6,91,43,"e4f5e7041bbf4350aad14ac01469a5ea",0.6
20,154,19,2022-04-04,5,95,47,"4b77c8cdc4ce423c89999376da8ae5f1",0.6
14,108,12,2022-04-03,4,57,23,"a766e96e687c482baad5160fdc9a11e8",0.6
10,79,5,2022-04-02,3,40,10,"433a73596263459495c33399b1a59a56",0.6
16,82,8,2022-04-01,3,41,17,"bd16203253704990a410d0a32d3d589b",0.8
20,117,11,2022-03-31,4,65,20,"3628c6330a764128a3bfed29425b4498",0.7
24,111,14,2022-03-30,4,60,24,"a28607c7098546be8f48415222c7deb6",0.8
32,34,11,2022-03-29,5,40,18,"7763ff92bca945699d85e385421afa1a",0.8
20,47,5,2022-03-28,5,25,10,"c47744f9b6fb42d4a23bf092f86ed41d",0.8
17,53,12,2022-03-27,5,27,22,"69769ef456f54cd39535797b418773c4",0.8
20,23,18,2022-03-26,5,26,26,"dcc0286b3c94427b8ab2f4d69ce56512",0.5
19,82,10,2022-03-25,5,41,16,"b512eb8f17b14c229740c54a3004e6d6",0.6
24,70,4,2022-03-24,5,35,8,"d2a5dc00fa094d7684a0a6065f757767",0.7
18,48,3,2022-03-23,5,24,4,"570b228a20ad46cbbe5c1303521d2c64",0.6
30,84,16,2022-03-22,6,42,22,"5d9978e32e0441d9bc79030c6c7c4f31",0.6
17,80,27,2022-03-21,5,44,44,"457f051839cf421b9f4f45e253479f33",0.8
12,104,16,2022-03-20,5,54,24,"5cb04a4122ab437b9b9b2ae93b4fa59a",0.8
19,132,22,2022-03-19,6,77,28,"7e69e5a078094c8da9330fcff1c47762",0.8
34,92,24,2022-03-18,6,46,37,"5b03d916d8dd4b66835bd94a1c2358f7",0.7
22,63,13,2022-03-17,6,32,24,"69a2eac83b03479196040e031421f02b",0.6
16,106,16,2022-03-16,6,55,26,"55bf4122a6d2410f97c6d7acaf7e3592",0.6
24,68,11,2022-03-15,6,34,20,"67c3a4d878e24582b7b84f6c4342aa1a",0.6
26,54,10,2022-03-14,6,33,20,"a576c1b70a1743268a845df103df036b",0.6
18,81,14,2022-03-13,6,41,30,"eb0c4a9aab8c45bd802ba40b64abf357",0.6
16,116,12,2022-03-12,6,64,26,"d2539eb9607f4bddb184cd1162602fb8",0.6
21,106,12,2022-03-11,6,55,30,"ec703244e3484ac29a9edcf259139615",0.6
16,122,11,2022-03-10,6,69,30,"9ade1ac6a0064bc09c41d0b0716132e2",0.6
21,112,9,2022-03-09,6,60,25,"b8f4314a162c4eec9136009929987be5",0.5
14,114,8,2022-03-08,6,62,20,"4f872e9b711f4b73a7902ebcc18594be",0.5
17,100,13,2022-03-07,5,50,30,"aab3a5cbf76643eaae4278f2bdcfaef4",0.7
14,144,21,2022-03-06,6,87,46,"edb315e0b969439a8dea8eedc0b1b24a",0.7
35,106,24,2022-03-05,8,55,38,"4c6b305ffe99485ca037161eff66e4f7",0.8
32,136,25,2022-03-04,6,80,36,"b254901662e04d4c9a8cd4c37152fc43",0.8
15,150,29,2022-03-03,5,92,41,"e060954e0e1b4ac48c0ba267a0164c5b",0.8
33,130,32,2022-03-02,6,75,52,"8d387d90d08942b59b55d3d3b9f6dceb",0.8
33,68,16,2022-03-01,6,42,29,"7d7e46af346042848faf394520e93b61",0.6
28,123,17,2022-02-28,6,70,30,"d162cf82008444c5899a166f15dcbfc4",0.4
31,128,25,2022-02-27,6,74,38,"8372e0f2a89c4094845217de0d2a2a45",0.5
37,102,18,2022-02-26,6,52,33,"060dade408754dc9a8f1e750ea55fbd8",0.4
24,85,13,2022-02-25,5,43,20,"c019fe405a004ac78a9995720fe33e72",0.5
16,81,14,2022-02-24,4,41,22,"6245b278c0944202953c248182cd6285",0.6
10,74,5,2022-02-23,5,37,8,"f48034454a874ce3851dbb78cd86e6f5",0.6
13,46,3,2022-02-22,4,23,4,"80efd85b5acb46ae88f8dfe02e98dbb2",0.8
9,58,2,2022-02-21,4,29,2,"dcf579203a514bf3837518d0e1bca9eb",0.8
7,56,2,2022-02-20,4,28,2,"6d26735210f14f06ac5fa46566653ca9",0.7
9,45,2,2022-02-19,4,23,4,"94cd9ba1039948df98fe18622bdea0df",0.7
14,98,7,2022-02-18,4,49,16,"71df1ef315f243e9b03de93997c64065",0.6
16,90,16,2022-02-17,4,45,29,"803a62a99f2b4003abd4ae8b105632e1",0.6
14,120,22,2022-02-16,4,67,40,"d219c5e54d234eb1bc213d27315dfd05",0.6
17,106,14,2022-02-15,6,55,24,"a1059df944a24c049f23d3c8e2befbdf",0.8
14,92,4,2022-02-14,6,46,7,"ae1a9d67429247f48fe9d6fc57e5395e",0.8
17,70,13,2022-02-13,6,35,18,"11909a69509f40f6b6a2ffad3a36ffc9",0.8
20,94,14,2022-02-12,7,47,25,"65e5fccb89a3460882cc93faa555ecf8",0.6
14,101,5,2022-02-11,6,51,10,"4d2b0af4da07468a9280bb60ce0a3736",0.6
18,76,14,2022-02-10,6,38,23,"dca64ff76b0d483b9c119bafc972682a",0.7
14,64,12,2022-02-09,6,32,22,"0aedce0fef8e402b82138b63f4b23391",0.6
12,46,4,2022-02-08,6,23,8,"da987e4bc325462fb160a81ae2d0b261",0.8
15,85,14,2022-02-07,6,43,26,"1270b96d49174a118fb59fd4ff8c3052",0.6
14,106,19,2022-02-06,6,55,30,"6c292c8dd6a44b5fa630b87511516c22",0.6
7,60,12,2022-02-05,6,30,17,"1511829d964544f5ace8bfcfd4e378c1",0.7
4,70,7,2022-02-04,6,35,10,"6846124939b141118336a54d9923fa40",0.8
6,39,2,2022-02-03,5,20,4,"1fbc5e3450cf4435a1d791ecea080e42",0.8
11,32,8,2022-02-02,6,18,11,"cf0578fb6b29469095032e300ef79391",0.7
8,40,11,2022-02-01,5,20,16,"89b377ae6eb44039b79dbdad6d5f3381",0.8
8,58,15,2022-01-31,6,29,22,"ed5f468f5c8e48fabaf4769556e3942c",0.8
7,74,4,2022-01-30,6,37,8,"df1496706e344106a7608d662c238244",0.9
21,50,8,2022-01-29,6,27,14,"807474e1d81e418cac18873a3c4bbe41",1.0
24,81,16,2022-01-28,6,41,24,"6bd0786798954e7589782406d3fe10af",0.7
38,76,22,2022-01-27,8,48,33,"0c98983b44634b969f87fd0372131d21",0.8
29,84,18,2022-01-26,7,42,31,"acd6b8c8706345bd88025286fba8816e",0.8
28,48,10,2022-01-25,7,35,18,"91c0964317a84e3c888ce2efe7353d97",0.7
36,74,16,2022-01-24,7,45,24,"c3ab2020174a46f6a782dff83a5df7a3",0.4
34,54,7,2022-01-23,7,43,14,"5e1458ea206541a0b1bcc1bd930f2f51",0.5
22,57,6,2022-01-22,6,29,10,"ddb6c34204d4420a833731df52982d2e",0.5
23,110,20,2022-01-21,6,59,38,"ac2a2b80591845be813035d907913eef",0.6
24,112,16,2022-01-20,6,60,29,"adbfc174a7654b87afe8c611fb9e35a3",0.7
18,108,10,2022-01-19,6,57,19,"9f1637dc86474cb793a5cc4bdd3ba899",0.8
30,42,19,2022-01-18,6,38,29,"c3d4e35d111243a38d82b8b89e74f930",1.0
27,100,30,2022-01-17,6,50,46,"27816c1f603742ae97bdaa37c9809af8",0.7
28,128,26,2022-01-16,6,74,36,"273202e25bfe490abd8dbeb0ba00ad15",0.6
26,131,29,2022-01-15,6,76,41,"97895a9ff2264fb7a9e83063dedce43d",0.7
25,114,39,2022-01-14,6,62,60,"b51e467322a84f9aabdaa384414d2aae",0.7
22,88,28,2022-01-13,7,44,44,"819f3fb2436f4dc1a7b971b3e785b7f4",0.7
26,82,24,2022-01-12,6,41,36,"14b5c61795c74e63a1530a1620da08cd",0.8
18,85,14,2022-01-11,6,43,22,"f5a1b897fae0494aa84991ad8c318e65",0.8
30,103,24,2022-01-10,6,53,36,"60d0b554408d4b6babf5cc2ad0d90641",0.8
32,108,28,2022-01-09,7,57,45,"f7f1a87c8916485a9cc92e3a1ec84bd0",0.8
18,112,25,2022-01-08,6,60,37,"c5c65a8c86434cfdae2ec3886f654f79",0.8
26,114,32,2022-01-07,6,62,50,"235d83e2efd245ee93d837217c7e9447",0.9
31,120,33,2022-01-06,6,67,50,"bae9fea99ae649d5b8b2d9e1b230ae26",0.8
40,103,16,2022-01-05,7,53,25,"fd80c1bfdf2246a8808460d731797d52",0.8
30,146,29,2022-01-04,7,89,46,"b7c59f2506cf46f59d803075830439c9",0.8
30,115,20,2022-01-03,6,63,33,"599713e05742482fb53c3fb6921f9e09",0.8
32,119,36,2022-01-02,6,66,52,"5cb85cb41a644973b3cb1a14f56de6c8",0.9
30,110,36,2022-01-01,7,59,60,"b517f62ea53942499dcb50e5d12e8b4b",0.9
